title,content,featured_image_path,description,author,category
テクノロジーの進化とその影響,<!-- wp:paragraph --><p>最新のテクノロジーが私たちの生活に与える影響は計り知れません。AIや機械学習がもたらす変化は、ビジネスから日常生活まで、あらゆる面で感じられています。</p><!-- /wp:paragraph -->,images/posts/tech-01.jpg,この連載の第1回では、AIや機械学習などの最新テクノロジーが私たちの生活にどのような影響を与えているかを探ります。,Prince Doe,technology
男性の冬ファッション：ニット帽とマフラーの魅力,<!-- wp:paragraph --><p>冬の定番アイテム、ニット帽とマフラーは男性ファッションの必需品です。これらを上手にコーディネートすることで、寒い季節もスタイリッシュに過ごせます。</p><!-- /wp:paragraph -->,images/posts/fashion-01.jpg,連載の第1回目では、男性の冬のスタイリングに欠かせないニット帽とマフラーの組み合わせ方を紹介します。,Giano Doe,fashion
バスケットボール：ダイナミックなプレイとチームワーク,<!-- wp:paragraph --><p>バスケットボールは速さとダイナミズムが鍵となるスポーツです。このゲームは、個々の技術とチームワークの両方が重要で、常に観客を魅了します。</p><!-- /wp:paragraph -->,images/posts/basketball.jpg,バスケットボールのエキサイティングなプレイとチームワークの重要性を探り、このスポーツがいかに多くの人々を引きつけるかを探求します。,Jonathan Doe,sports
データセキュリティの重要性,<!-- wp:paragraph --><p>データセキュリティは今日のデジタル社会において不可欠です。個人情報の保護とセキュリティ対策の強化は、企業にとって最優先事項の一つとなっています。</p><!-- /wp:paragraph -->,images/posts/tech-02.jpg,連載の第2回目では、データセキュリティの重要性と、個人情報保護に対する現代のアプローチに焦点を当てます。,Prince Doe,technology
オフィスで差をつけるトリックスター的ファッション,<!-- wp:paragraph --><p>オフィスファッションに一工夫加えて、個性を際立たせましょう。クリエイティブな小物使いやデザインで、トリックスターのようなユニークなスタイルを実現します。</p><!-- /wp:paragraph -->,images/posts/fashion-02.jpg,連載の第2回目では、オフィスファッションに斬新なアクセントを加える方法を探ります。,Giano Doe,fashion
フリースタイルBMXの興奮とアドレナリン,<!-- wp:paragraph --><p>フリースタイルBMXは、高い技術と創造性を要求されるスリリングなスポーツです。ライダーたちは、限界を押し広げ、驚異的なトリックを披露します。</p><!-- /wp:paragraph -->,images/posts/bmx.jpg,フリースタイルBMXの世界に飛び込み、ライダーたちの技術とスポーツへの情熱を紐解きます。,Jonathan Doe,sports
クラウドコンピューティングの未来,<!-- wp:paragraph --><p>クラウドコンピューティングは、情報技術の未来を形作っています。柔軟性、スケーラビリティ、コスト効率の面で、クラウドはこれからも大きな役割を果たすでしょう。</p><!-- /wp:paragraph -->,images/posts/tech-03.jpg,連載最終回では、クラウドコンピューティングが今後どのように発展し、私たちのビジネスや日常生活に影響を与え続けるかを考察します。,Prince Doe,technology
デニムセットアップで魅せる最強コーデ,<!-- wp:paragraph --><p>デニムセットアップは、カジュアルながらも洗練されたスタイルを演出します。上下デニムで統一感のあるコーディネートは、強さと自信を表現します。</p><!-- /wp:paragraph -->,images/posts/fashion-03.jpg,連載最終回では、デニムセットアップを用いた洗練されたコーディネートのコツを紹介します。,Giano Doe,fashion
スケートボードの魅力とストリートカルチャー,<!-- wp:paragraph --><p>スケートボードは単なるスポーツではなく、独自のストリートカルチャーを生み出しています。若者たちの自己表現の場として、そのスタイルと技術が進化し続けています。</p><!-- /wp:paragraph -->,images/posts/skateboard.jpg,スケートボードの世界を探索し、ストリートカルチャーとしてのその魅力と若者たちの間での影響を紹介します。,Jonathan Doe,sports
プログラミング中級者が知るべき最新トレンドとテクニック,<!-- wp:paragraph --><p>プログラミングの世界は常に進化しており、中級者は新しい技術トレンドを追い続ける必要があります。この記事では、最新のテクノロジーとプログラミングのベストプラクティスに焦点を当てます。</p><!-- /wp:paragraph --><!-- wp:heading {""level"":2} --><h2>クラウドコンピューティングとプログラミング</h2><!-- /wp:heading --><!-- wp:paragraph --><p>クラウド技術はプログラミングの方法を根本的に変えています。AWS、Azure、Google Cloudなどのプラットフォームを利用することで、より効率的でスケーラブルなアプリケーション開発が可能になります。</p><!-- /wp:paragraph --><!-- wp:paragraph --><p>コンテナ技術とオーケストレーションツールの理解は、現代のクラウドベースのアプリケーション開発において不可欠です。DockerやKubernetesの使用法を習得することで、開発プロセスが大きく変わります。</p><!-- /wp:paragraph --><!-- wp:heading {""level"":2} --><h2>マシンラーニングとデータサイエンス</h2><!-- /wp:heading --><!-- wp:paragraph --><p>マシンラーニングとデータサイエンスは、プログラミングの分野で急速に成長しています。PythonやRのような言語を学ぶことで、これらの領域にアクセスすることができます。</p><!-- /wp:paragraph --><!-- wp:paragraph --><p>TensorFlowやPyTorchなどのフレームワークを利用することで、複雑なデータ分析や機械学習モデルの構築が可能になります。これらの技術は、業界の需要が高まっている分野です。</p><!-- /wp:paragraph --><!-- wp:paragraph --><p>APIの設計と開発は、中級者プログラマーにとって重要なスキルです。RESTfulやGraphQL APIを理解し、効率的なバックエンドシステムを構築することが求められます。</p><!-- /wp:paragraph --><!-- wp:paragraph --><p>セキュリティは、あらゆるプログラミングプロジェクトにおいて最優先事項です。セキュアなコードを書くためのベストプラクティスを学ぶことは、中級者にとって不可欠です。</p><!-- /wp:paragraph --><!-- wp:paragraph --><p>フロントエンド開発では、ReactやVue.jsなどのモダンなJavaScriptフレームワークの習得が重要です。これらのフレームワークは、リッチでインタラクティブなユーザーインターフェースの作成を可能にします。</p><!-- /wp:paragraph --><!-- wp:paragraph --><p>テスト駆動開発 (TDD) と継続的インテグレーション (CI) は、品質を保ちながら効率的に開発を進めるための重要なプラクティスです。これらの技術を活用することで、バグの少ない安定したアプリケーションを構築できます。</p><!-- /wp:paragraph --><!-- wp:paragraph --><p>最後に、新しい技術を学ぶことは重要ですが、基本に立ち返ることも同様に重要です。アルゴリズムやデータ構造の基本原則を見直し、それらを現代の開発に応用することは、中級者プログラマーにとって有益です。</p><!-- /wp:paragraph -->,images/posts/programming.jpg,この記事では、プログラミングの中級者に向けて、一歩進んだ最新トレンドとテクニックを紹介します。,Prince Doe,technology
家庭料理の魅力：簡単で美味しいレシピの探求,<!-- wp:paragraph --><p>家庭料理は、日々の生活に温かみと潤いをもたらします。この記事では、忙しい日常の中で簡単に作れる美味しいレシピを紹介します。</p><!-- /wp:paragraph --><!-- wp:heading {""level"":2} --><h2>初心者にも優しい基本のレシピ</h2><!-- /wp:heading --><!-- wp:paragraph --><p>料理の基本を学ぶことは、自宅での食事作りにおいて非常に重要です。簡単ながらも基本を押さえたレシピから始めてみましょう。</p><!-- /wp:paragraph --><!-- wp:paragraph --><p>パスタや炒め物は、初心者にも取り組みやすい料理です。さまざまな食材を組み合わせることで、多彩な味わいを楽しむことができます。</p><!-- /wp:paragraph --><!-- wp:heading {""level"":2} --><h2>健康を考えた料理の工夫</h2><!-- /wp:heading --><!-- wp:paragraph --><p>健康を意識した食事作りは、毎日の暮らしに欠かせません。野菜を多く使ったレシピや、バランスの良い食材選びに注目しましょう。</p><!-- /wp:paragraph --><!-- wp:paragraph --><p>手軽に作れるサラダやスムージーは、忙しい日々の中でも健康をサポートする最適な選択です。新鮮なフルーツや野菜を活用しましょう。</p><!-- /wp:paragraph --><!-- wp:paragraph --><p>和食は健康的な食事の良い例です。素材の味を生かしたシンプルな調理法で、栄養バランスの取れた食事を作ることができます。</p><!-- /wp:paragraph --><!-- wp:paragraph --><p>スロークッキングや圧力鍋を使った料理法も、健康的な食事作りに役立ちます。時間をかけて煮込むことで、食材の栄養を最大限に引き出せます。</p><!-- /wp:paragraph --><!-- wp:paragraph --><p>時短料理のコツを掴むことも、忙しい日常において大切です。簡単で速く作れるレシピを身につけて、効率的な食事作りを目指しましょう。</p><!-- /wp:paragraph --><!-- wp:paragraph --><p>エスニック料理や国際的なレシピに挑戦することで、食卓に新しい風を吹き込むことができます。異国の味を家庭で楽しむのも魅力の一つです。</p><!-- /wp:paragraph --><!-- wp:paragraph --><p>最後に、料理は創造的なプロセスです。自分なりのアレンジを加えて、オリジナルレシピを生み出す楽しさを味わいましょう。</p><!-- /wp:paragraph -->,images/posts/food.jpg,初心者でも簡単に作れる美味しい家庭料理のレシピをご紹介します。健康を意識した料理のコツや、時短で作る美味しい食事のアイデアを探ります。,Paola Doe,culture
秋冬のおしゃれを楽しむ着回しテクニックとスタイリングのコツ,<!-- wp:paragraph --><p>秋冬のファッションは、暖かさとスタイルの完璧なバランスが求められます。この季節におしゃれを楽しむための着回しテクニックを紹介しましょう。</p><!-- /wp:paragraph --><!-- wp:heading {""level"":2} --><h2>レイヤードスタイルの魅力</h2><!-- /wp:heading --><!-- wp:paragraph --><p>レイヤードスタイルは秋冬に最適です。シャツにセーター、その上にジャケットを重ねることで、温度調節が容易になり、さまざまな着こなしが可能です。</p><!-- /wp:paragraph --><!-- wp:paragraph --><p>色のコントラストを意識しましょう。暗めの色合いに明るい色の一点を加えることで、コーディネートに深みと鮮やかさをもたらします。</p><!-- /wp:paragraph --><!-- wp:heading {""level"":2} --><h2>アクセサリーでスタイルアップ</h2><!-- /wp:heading --><!-- wp:paragraph --><p>スカーフや帽子は、秋冬のスタイリングに欠かせないアイテムです。これらの小物を上手に使うことで、シンプルな着こなしにも個性を加えられます。</p><!-- /wp:paragraph --><!-- wp:paragraph --><p>ブーツやスニーカーなどの足元の選択も重要です。見た目の良さだけでなく、機能性にも注意を払いましょう。</p><!-- /wp:paragraph --><!-- wp:paragraph --><p>コートは秋冬の主役です。一枚投資するだけで、さまざまなアンサンブルに合わせやすい、汎用性の高いアイテムを選びましょう。</p><!-- /wp:paragraph --><!-- wp:paragraph --><p>セーターとシャツの組み合わせは、クラシックでありながらモダンなスタイルを作り出します。異なる質感やパターンをミックスしてみてください。</p><!-- /wp:paragraph --><!-- wp:paragraph --><p>デニムは年間を通じて活躍しますが、秋冬には特に暗めの色を選ぶことで季節感が出ます。</p><!-- /wp:paragraph --><!-- wp:paragraph --><p>アウターの下に着るインナーは、肌触りの良い素材を選ぶことが大切です。快適さが長時間の外出にも影響します。</p><!-- /wp:paragraph --><!-- wp:paragraph --><p>最後に、自分のスタイルに忠実でありつつも、新しいトレンドに挑戦することを恐れないでください。秋冬のファッションは、試行錯誤と発見の楽しさがあります。</p><!-- /wp:paragraph -->,images/posts/closet-fashion.jpg,秋冬シーズンにおける着回しテクニックとスタイリングのコツをご紹介します。レイヤードスタイルやアクセサリーの活用方法を学び、寒い季節もおしゃれを楽しんでみましょう。,Giano Doe,fashion
カラフルな煙で彩る世界のカラフル煙お祭りガイド,<!-- wp:paragraph --><p>世界中で行われるカラフルな煙を飛ばし合うお祭りは、参加者に特別な体験を提供します。この記事では、そのようなお祭りの魅力と、それらがどのように祝われるかを探ります。</p><!-- /wp:paragraph --><!-- wp:heading {""level"":2} --><h2>カラフルな煙の歴史と起源</h2><!-- /wp:heading --><!-- wp:paragraph --><p>カラフルな煙を使ったお祭りは、古代の伝統的な祝祭から進化しました。色とりどりの煙が空に舞い上がる様子は、見る者を魅了します。</p><!-- /wp:paragraph --><!-- wp:paragraph --><p>これらのお祭りは、通常、春の到来を祝うため、または特定の文化的な行事の一環として開催されます。煙を使った祝祭は、世界中で多様な形で見られます。</p><!-- /wp:paragraph --><!-- wp:heading {""level"":2} --><h2>お祭りの見どころと体験</h2><!-- /wp:heading --><!-- wp:paragraph --><p>お祭りでは、カラフルな煙が特別なエフェクトとして使用され、祝祭の雰囲気を盛り上げます。煙の色は、その文化や伝統の象徴としても機能します。</p><!-- /wp:paragraph --><!-- wp:paragraph --><p>参加者は、色とりどりの煙を使って、空をカラフルなキャンバスに変えます。これは、共同体の絆を深める魔法のような瞬間です。</p><!-- /wp:paragraph --><!-- wp:paragraph --><p>お祭りには、音楽やダンス、地元の食べ物といった他の文化的要素も組み合わされます。これにより、お祭りはただのイベントではなく、真の文化体験となります。</p><!-- /wp:paragraph --><!-- wp:paragraph --><p>煙を使ったパフォーマンスは、見る者に強い印象を残し、しばしば伝統的な物語や伝説を象徴的に表現します。</p><!-- /wp:paragraph --><!-- wp:paragraph --><p>お祭りの参加者は、特別な装いやマスクを身につけ、祭りの雰囲気を一層盛り上げます。これらの装飾は、その地域の文化的アイデンティティを反映しています。</p><!-- /wp:paragraph --><!-- wp:paragraph --><p>子供たちにとっても、このようなお祭りは楽しく教育的な体験です。彼らは色とりどりの煙とともに遊び、文化的な意味を学びます。</p><!-- /wp:paragraph --><!-- wp:paragraph --><p>最後に、これらのお祭りは参加者にとっての創造的な表現の場でもあります。自分たちの文化を祝うこの特別な方法は、世界中の人々を結びつける力を持っています。</p><!-- /wp:paragraph -->,images/posts/festival.jpg,世界各地で行われるカラフルな煙を飛ばし合うお祭りの魅力を紹介します。伝統と文化が融合したこの祝祭は、参加者にとって忘れがたい体験を提供します。,Paola Doe,culture
Z世代のためのファッションガイド,<!-- wp:paragraph --><p>Z世代のティーンエイジャーたちは、ファッション業界に新しい風を吹き込んでいます。彼らのスタイルはユニークで個性的、そして大胆です。この記事では、Z世代がどのようにファッショントレンドを形成しているかを探ります。</p><!-- /wp:paragraph --><!-- wp:heading {""level"":2} --><h2>カラフルで大胆な色使い</h2><!-- /wp:heading --><!-- wp:paragraph --><p>Z世代のファッションの特徴の一つは、カラフルで大胆な色使いです。彼らは鮮やかな色を恐れず、個性を表現するための強力なツールとして使用しています。</p><!-- /wp:paragraph --><!-- wp:paragraph --><p>ストリートウェアの影響も見逃せません。スケーターやヒップホップカルチャーからインスパイアされたアイテムが、Z世代の間で人気を博しています。オーバーサイズのTシャツやスウェット、ダメージデニムなどが、彼らの間でよく見られるスタイルです。</p><!-- /wp:paragraph --><!-- wp:heading {""level"":2} --><h2>持続可能性を重視するファッション</h2><!-- /wp:heading --><!-- wp:paragraph --><p>持続可能性は、Z世代にとって非常に重要な要素です。彼らは環境に配慮したファッションアイテムを好み、エコフレンドリーなブランドを支持しています。</p><!-- /wp:paragraph --><!-- wp:paragraph --><p>ヴィンテージやリサイクルアイテムの流行も、この世代の特徴です。彼らは古着を新しい方法で着こなし、オリジナリティあふれるスタイルを作り出しています。</p><!-- /wp:paragraph --><!-- wp:paragraph --><p>アクセサリーの使用も、Z世代のスタイルを際立たせる要素です。大胆なジュエリーや個性的なバッグ、カラフルな靴などを使い、彼らは自分のスタイルにアクセントを加えています。</p><!-- /wp:paragraph --><!-- wp:paragraph --><p>ソーシャルメディアは、Z世代にとって重要なファッションの情報源です。InstagramやTikTokなどのプラットフォームで流行しているスタイルを取り入れ、自己表現の場として活用しています。</p><!-- /wp:paragraph --><!-- wp:paragraph --><p>ファッションを通じて社会的なメッセージを伝えることも、この世代にとって重要です。彼らは服を通じて自分の信念やアイデンティティを表現し、社会的な意識を高めています。</p><!-- /wp:paragraph --><!-- wp:paragraph --><p>最後に、Z世代は個性と自己表現を重視する世代です。彼らのファッションは、単なるトレンドを追うのではなく、自分自身を表現するための手段となっています。</p><!-- /wp:paragraph -->,images/posts/zgen-fashion.jpg,Z世代のティーンエイジャーがファッションで表現する個性とスタイルを紐解き、彼らがどのように最新のトレンドを形成しているかを探ります。,Giano Doe,fashion
エンジニアチームの成功への道,<!-- wp:paragraph --><p>エンジニアリングチームの成功は、効率的な働き方と卓越したコラボレーションに依存しています。この記事では、チームワークを強化し、生産性を高めるための戦略について探求します。</p><!-- /wp:paragraph --><!-- wp:heading {""level"":2} --><h2>コミュニケーションの重要性</h2><!-- /wp:heading --><!-- wp:paragraph --><p>効果的なコミュニケーションは、エンジニアチームの基盤です。明確でオープンな対話により、誤解を防ぎ、目標達成に向けてチーム全体を一丸として動かすことができます。</p><!-- /wp:paragraph --><!-- wp:paragraph --><p>リモートワークが普及する中、デジタルツールを利用したコミュニケーションが重要になっています。SlackやMicrosoft Teamsなどのプラットフォームを活用し、効果的なリモートコラボレーションを実現しましょう。</p><!-- /wp:paragraph --><!-- wp:heading {""level"":2} --><h2>アジャイル開発とスクラム</h2><!-- /wp:heading --><!-- wp:paragraph --><p>アジャイル開発方法論は、エンジニアリングプロジェクトにおいて広く採用されています。スクラムやカンバンなどのフレームワークを通じて、柔軟かつ効率的なプロジェクト管理を行いましょう。</p><!-- /wp:paragraph --><!-- wp:paragraph --><p>デイリースタンドアップミーティングやスプリントレビューなどのスクラム式会議は、チームの進捗を定期的にチェックし、調整を行う上で不可欠です。</p><!-- /wp:paragraph --><!-- wp:paragraph --><p>コードレビューは、コードの品質を保ちながら、チームメンバー間の知識共有を促進する重要なプロセスです。GitHubやGitLabなどのツールを用いて、コードレビューを効果的に行いましょう。</p><!-- /wp:paragraph --><!-- wp:paragraph --><p>継続的インテグレーション( CI) と継続的デリバリー (CD) は、ソフトウェア開発プロセスを自動化し、リリースサイクルを加速します。JenkinsやCircleCIなどのツールが、このプロセスを支援します。</p><!-- /wp:paragraph --><!-- wp:paragraph --><p>エンジニアのメンタルヘルスとワークライフバランスを重視することも、チームの生産性にとって重要です。ストレスの少ない環境を維持し、チームメンバーの幸福をサポートしましょう。</p><!-- /wp:paragraph --><!-- wp:paragraph --><p>イノベーションを促進するためには、創造性と実験的なアプローチを奨励します。新しいアイデアを試すことで、技術的な優位性を確立し、業界での競争力を高めることができます。</p><!-- /wp:paragraph --><!-- wp:paragraph --><p>最後に、チームの透明性と共有を促進することで、信頼と協力の文化を育むことができます。プロジェクトの状況、成功、課題をオープンに共有し、チーム全体で学び、成長しましょう。</p><!-- /wp:paragraph -->,images/posts/engineering.jpg,エンジニアリングチームの生産性と協力を最大化するための効果的な戦略とベストプラクティスを探求する、洞察に満ちたガイドです。,Prince Doe,technology
